{
  "matchId": 6976878,
  "betradarId": 13870143,
  "active": 1,
  "sportId": 4,
  "sportName": "Football",
  "countryId": 57,
  "countryName": "China",
  "leagueId": 64647,
  "leagueName": "Super Cup",
  "hteam": "Guangzhou Evergrande",
  "ateam": "Shanghai Shenhua",
  "date": "2018-02-26T11:30:00Z",
  "matchTime": "65:31",
  "matchStatus": "2nd Half",
  "betStatus": "started",
  "xStatus": "oddsChange, goal, card ...",
  "score": {
    "matchScore": {
      "scoreHome": 3,
      "scoreAway": 1
    },
    "periodScore": {
      "Home1StHalf": 2,
      "Away1StHalf": 1,
      "Home2StHalf": 1,
      "Away2StHalf": 0,
      "Home3StHalf": "-",
      "Away3StHalf": "-",
      "Home4StHalf": "-",
      "Away4StHalf": "-",
      "totalHome": 3,
      "totalAway": 1
    }
  },
  "cards": {
    "yellowCards": {
      "Home1StHalf": 3,
      "Away1StHalf": 0,
      "Home2StHalf": 0,
      "Away2StHalf": 1,
      "Home3StHalf": "-",
      "Away3StHalf": "-",
      "Home4StHalf": "-",
      "Away4StHalf": "-",
      "totalHome": 3,
      "totalAway": 1
    },
    "redCards": {
      "Home1StHalf": 0,
      "Away1StHalf": 0,
      "Home2StHalf": 0,
      "Away2StHalf": 0,
      "Home3StHalf": "-",
      "Away3StHalf": "-",
      "Home4StHalf": "-",
      "Away4StHalf": "-",
      "totalHome": 0,
      "totalAway": 0
    }
  },
  "corners": {
    "Home1StHalf": 2,
    "Away1StHalf": 2,
    "Home2StHalf": 2,
    "Away2StHalf": 1,
    "Home3StHalf": "-",
    "Away3StHalf": "-",
    "Home4StHalf": "-",
    "Away4StHalf": "-",
    "totalHome": 4,
    "totalAway": 3
  },
  "penalties": {
    "Home1StHalf": 0,
    "Away1StHalf": 0,
    "Home2StHalf": 0,
    "Away2StHalf": 0,
    "Home3StHalf": "-",
    "Away3StHalf": "-",
    "Home4StHalf": "-",
    "Away4StHalf": "-",
    "totalHome": 0,
    "totalAway": 0
  },
  "odds": [
    {
      "oddsId": 251205686,
      "oddsType": 17,
      "special": "",
      "active": true,
      "typeName": "Match Result",
      "odds": [
        {
          "id": 775280889,
          "outComeId": "",
          "active": true,
          "outCome": "Guangzhou Evergrande",
          "odds": 1.03
        },
        {
          "id": 775280890,
          "outComeId": "",
          "active": true,
          "outCome": "X",
          "odds": 9.75
        },
        {
          "id": 775280891,
          "outComeId": "",
          "active": true,
          "outCome": "Shanghai Shenhua",
          "odds": 31
        }
      ]
    },
    {
      "oddsId": 251205692,
      "oddsType": 19508,
      "special": "",
      "active": true,
      "typeName": "Any Team to win exactly by 1 Goal",
      "odds": [
        {
          "id": 775280905,
          "outComeId": "",
          "active": true,
          "outCome": "Yes",
          "odds": 4.1
        },
        {
          "id": 775280906,
          "outComeId": "",
          "active": true,
          "outCome": "No",
          "odds": 1.19
        }
      ]
    },
    {
      "oddsId": 251205693,
      "oddsType": 3187,
      "special": "",
      "active": true,
      "typeName": "Double Chance",
      "odds": [
        {
          "id": 775280907,
          "outComeId": "",
          "active": false,
          "outCome": "Guangzhou Evergrande or X",
          "odds": 1.01
        },
        {
          "id": 775280908,
          "outComeId": "",
          "active": false,
          "outCome": "X or Shanghai Shenhua",
          "odds": 5.5
        },
        {
          "id": 775280909,
          "outComeId": "",
          "active": false,
          "outCome": "Guangzhou Evergrande or Shanghai Shenhua",
          "odds": 1.01
        }
      ]
    },
    {
      "oddsId": 251205704,
      "oddsType": 2196,
      "special": "",
      "active": true,
      "typeName": "Total Goals - Exact",
      "odds": [
        {
          "id": 775280934,
          "outComeId": "",
          "active": false,
          "outCome": "No goal",
          "odds": 1
        },
        {
          "id": 775280935,
          "outComeId": "",
          "active": false,
          "outCome": "1",
          "odds": 1
        },
        {
          "id": 775280936,
          "outComeId": "",
          "active": false,
          "outCome": "2",
          "odds": 1
        },
        {
          "id": 775280937,
          "outComeId": "",
          "active": false,
          "outCome": "3",
          "odds": 1
        },
        {
          "id": 775280938,
          "outComeId": "",
          "active": true,
          "outCome": "4",
          "odds": 3.2
        },
        {
          "id": 775280939,
          "outComeId": "",
          "active": true,
          "outCome": "5 goals",
          "odds": 2.5
        },
        {
          "id": 775280940,
          "outComeId": "",
          "active": true,
          "outCome": "6 goals",
          "odds": 3.6
        },
        {
          "id": 775280941,
          "outComeId": "",
          "active": true,
          "outCome": "7 goals",
          "odds": 7.75
        },
        {
          "id": 775280942,
          "outComeId": "",
          "active": true,
          "outCome": "8 or more Goals",
          "odds": 12.5
        }
      ]
    },
    {
      "oddsId": 251205705,
      "oddsType": 20590,
      "special": "",
      "active": true,
      "typeName": "Multiple Correct Score",
      "odds": [
        {
          "id": 775280943,
          "outComeId": "",
          "active": false,
          "outCome": "1-0, 2-0 or 3-0",
          "odds": 1
        },
        {
          "id": 775280944,
          "outComeId": "",
          "active": false,
          "outCome": "0-1, 0-2 or 0-3",
          "odds": 1
        },
        {
          "id": 775280945,
          "outComeId": "",
          "active": false,
          "outCome": "4-0, 5-0 or 6-0",
          "odds": 1
        },
        {
          "id": 775280946,
          "outComeId": "",
          "active": false,
          "outCome": "0-4, 0-5 or 0-6",
          "odds": 1
        },
        {
          "id": 775280947,
          "outComeId": "",
          "active": true,
          "outCome": "2-1, 3-1 or 4-1",
          "odds": 1.78
        },
        {
          "id": 775280948,
          "outComeId": "",
          "active": false,
          "outCome": "1-2, 1-3 or 1-4",
          "odds": 1
        },
        {
          "id": 775280949,
          "outComeId": "",
          "active": true,
          "outCome": "3-2, 4-2, 4-3 or 5-1",
          "odds": 2.15
        },
        {
          "id": 775280950,
          "outComeId": "",
          "active": true,
          "outCome": "2-3, 2-4, 3-4 or 1-5",
          "odds": 51
        },
        {
          "id": 775280951,
          "outComeId": "",
          "active": true,
          "outCome": "Team 1 to win by any other Score",
          "odds": 6.5
        },
        {
          "id": 775280952,
          "outComeId": "",
          "active": true,
          "outCome": "Team 2 to win by any other score",
          "odds": 126
        },
        {
          "id": 775280953,
          "outComeId": "",
          "active": true,
          "outCome": "Draw",
          "odds": 9.75
        }
      ]
    },
    {
      "oddsId": 251205710,
      "oddsType": 24392,
      "special": "",
      "active": true,
      "typeName": "Match Result and Both Teams to Score",
      "odds": [
        {
          "id": 775280988,
          "outComeId": "",
          "active": true,
          "outCome": "Team 1 to win and both teams to score",
          "odds": 1.03
        },
        {
          "id": 775280989,
          "outComeId": "",
          "active": true,
          "outCome": "Team 2 to win and both teams to score",
          "odds": 31
        },
        {
          "id": 775280990,
          "outComeId": "",
          "active": false,
          "outCome": "Team 1 to win to nil",
          "odds": 1
        },
        {
          "id": 775280991,
          "outComeId": "",
          "active": false,
          "outCome": "Team 2 to win to nil",
          "odds": 1
        },
        {
          "id": 775280992,
          "outComeId": "",
          "active": false,
          "outCome": "Both teams not to score",
          "odds": 1
        },
        {
          "id": 775280993,
          "outComeId": "",
          "active": true,
          "outCome": "Both teams to score and the match to end in a draw",
          "odds": 9.75
        }
      ]
    },
    {
      "oddsId": 251206632,
      "oddsType": 1791,
      "special": "",
      "active": true,
      "typeName": "Total Goals - Over/Under",
      "odds": [
        {
          "id": 775283414,
          "outComeId": "",
          "active": true,
          "outCome": "Over 4,5",
          "odds": 1.3
        },
        {
          "id": 775283415,
          "outComeId": "",
          "active": true,
          "outCome": "Under 4,5",
          "odds": 3.2
        }
      ]
    },
    {
      "oddsId": 251206670,
      "oddsType": 27534,
      "special": "",
      "active": true,
      "typeName": "Total Goal Bands (0-5+)",
      "odds": [
        {
          "id": 775283531,
          "outComeId": "",
          "active": false,
          "outCome": "0-2",
          "odds": 1
        },
        {
          "id": 775283532,
          "outComeId": "",
          "active": true,
          "outCome": "3-4",
          "odds": 3.2
        },
        {
          "id": 775283533,
          "outComeId": "",
          "active": true,
          "outCome": "5+",
          "odds": 1.3
        }
      ]
    },
    {
      "oddsId": 251206652,
      "oddsType": 19510,
      "special": "",
      "active": true,
      "typeName": "Any Team to win by exactly 3 Goals",
      "odds": [
        {
          "id": 775283467,
          "outComeId": "",
          "active": true,
          "outCome": "Yes",
          "odds": 3.6
        },
        {
          "id": 775283468,
          "outComeId": "",
          "active": true,
          "outCome": "No",
          "odds": 1.25
        }
      ]
    },
    {
      "oddsId": 251206667,
      "oddsType": 19193,
      "special": "",
      "active": true,
      "typeName": "Correct Score (Regular Time)",
      "odds": [
        {
          "id": 775283501,
          "outComeId": "",
          "active": false,
          "outCome": "0-0",
          "odds": 1
        },
        {
          "id": 775283502,
          "outComeId": "",
          "active": false,
          "outCome": "1-0",
          "odds": 1
        },
        {
          "id": 775283503,
          "outComeId": "",
          "active": false,
          "outCome": "1-1",
          "odds": 1
        },
        {
          "id": 775283504,
          "outComeId": "",
          "active": false,
          "outCome": "0-1",
          "odds": 1
        },
        {
          "id": 775283505,
          "outComeId": "",
          "active": false,
          "outCome": "2-0",
          "odds": 1
        },
        {
          "id": 775283506,
          "outComeId": "",
          "active": false,
          "outCome": "2-1",
          "odds": 1
        },
        {
          "id": 775283507,
          "outComeId": "",
          "active": false,
          "outCome": "2-2",
          "odds": 1
        },
        {
          "id": 775283508,
          "outComeId": "",
          "active": false,
          "outCome": "1-2",
          "odds": 1
        },
        {
          "id": 775283509,
          "outComeId": "",
          "active": false,
          "outCome": "0-2",
          "odds": 1
        },
        {
          "id": 775283510,
          "outComeId": "",
          "active": false,
          "outCome": "3-0",
          "odds": 1
        },
        {
          "id": 775283511,
          "outComeId": "",
          "active": true,
          "outCome": "3-1",
          "odds": 3.2
        },
        {
          "id": 775283512,
          "outComeId": "",
          "active": true,
          "outCome": "3-2",
          "odds": 4.6
        },
        {
          "id": 775283513,
          "outComeId": "",
          "active": true,
          "outCome": "3-3",
          "odds": 12
        },
        {
          "id": 775283514,
          "outComeId": "",
          "active": false,
          "outCome": "2-3",
          "odds": 1
        },
        {
          "id": 775283515,
          "outComeId": "",
          "active": false,
          "outCome": "1-3",
          "odds": 1
        },
        {
          "id": 775283516,
          "outComeId": "",
          "active": false,
          "outCome": "0-3",
          "odds": 1
        },
        {
          "id": 775283517,
          "outComeId": "",
          "active": false,
          "outCome": "4-0",
          "odds": 1
        },
        {
          "id": 775283518,
          "outComeId": "",
          "active": true,
          "outCome": "4-1",
          "odds": 3.9
        },
        {
          "id": 775283519,
          "outComeId": "",
          "active": true,
          "outCome": "4-2",
          "odds": 6.25
        },
        {
          "id": 775283520,
          "outComeId": "",
          "active": true,
          "outCome": "4-3",
          "odds": 15.5
        },
        {
          "id": 775283521,
          "outComeId": "",
          "active": true,
          "outCome": "4-4",
          "odds": 67
        },
        {
          "id": 775283522,
          "outComeId": "",
          "active": true,
          "outCome": "3-4",
          "odds": 51
        },
        {
          "id": 775283523,
          "outComeId": "",
          "active": false,
          "outCome": "2-4",
          "odds": 1
        },
        {
          "id": 775283524,
          "outComeId": "",
          "active": false,
          "outCome": "1-4",
          "odds": 1
        },
        {
          "id": 775283525,
          "outComeId": "",
          "active": false,
          "outCome": "0-4",
          "odds": 1
        },
        {
          "id": 775283526,
          "outComeId": "",
          "active": true,
          "outCome": "Any other score",
          "odds": 4.6
        }
      ]
    },
    {
      "oddsId": 251206648,
      "oddsType": 27535,
      "special": "",
      "active": true,
      "typeName": "Total Goal Bands (0-6+)",
      "odds": [
        {
          "id": 775283456,
          "outComeId": "",
          "active": false,
          "outCome": "0-3",
          "odds": 1
        },
        {
          "id": 775283457,
          "outComeId": "",
          "active": true,
          "outCome": "4-5",
          "odds": 1.48
        },
        {
          "id": 775283458,
          "outComeId": "",
          "active": true,
          "outCome": "6+",
          "odds": 2.45
        }
      ]
    },
    {
      "oddsId": 251206663,
      "oddsType": 19509,
      "special": "",
      "active": true,
      "typeName": "Any Team to win by exactly 2 Goals",
      "odds": [
        {
          "id": 775283492,
          "outComeId": "",
          "active": true,
          "outCome": "Yes",
          "odds": 2.3
        },
        {
          "id": 775283493,
          "outComeId": "",
          "active": true,
          "outCome": "No",
          "odds": 1.55
        }
      ]
    },
    {
      "oddsId": 251206662,
      "oddsType": 859,
      "special": "",
      "active": true,
      "typeName": "Total Goals - Over/Under",
      "odds": [
        {
          "id": 775283490,
          "outComeId": "",
          "active": true,
          "outCome": "Over 5,5",
          "odds": 2.45
        },
        {
          "id": 775283491,
          "outComeId": "",
          "active": true,
          "outCome": "Under 5,5",
          "odds": 1.48
        }
      ]
    },
    {
      "oddsId": 251206646,
      "oddsType": 4732,
      "special": "",
      "active": true,
      "typeName": "Total Goals 2nd Half - Exact",
      "odds": [
        {
          "id": 775283450,
          "outComeId": "",
          "active": false,
          "outCome": "No goal",
          "odds": 1
        },
        {
          "id": 775283451,
          "outComeId": "",
          "active": true,
          "outCome": "1",
          "odds": 3.2
        },
        {
          "id": 775283452,
          "outComeId": "",
          "active": true,
          "outCome": "2",
          "odds": 2.5
        },
        {
          "id": 775283453,
          "outComeId": "",
          "active": true,
          "outCome": "3 or more",
          "odds": 2.45
        }
      ]
    },
    {
      "oddsId": 251206661,
      "oddsType": 4665,
      "special": "",
      "active": true,
      "typeName": "Number of Goals - Odd/Even (no Goal counts as even)",
      "odds": [
        {
          "id": 775283488,
          "outComeId": "",
          "active": true,
          "outCome": "Even",
          "odds": 1.72
        },
        {
          "id": 775283489,
          "outComeId": "",
          "active": true,
          "outCome": "Odd",
          "odds": 2
        }
      ]
    },
    {
      "oddsId": 251206645,
      "oddsType": 4727,
      "special": "",
      "active": true,
      "typeName": "Total Goals Team 2 - Exact",
      "odds": [
        {
          "id": 775283446,
          "outComeId": "",
          "active": false,
          "outCome": "No goal",
          "odds": 1
        },
        {
          "id": 775283447,
          "outComeId": "",
          "active": true,
          "outCome": "1",
          "odds": 1.65
        },
        {
          "id": 775283448,
          "outComeId": "",
          "active": true,
          "outCome": "2",
          "odds": 2.75
        },
        {
          "id": 775283449,
          "outComeId": "",
          "active": true,
          "outCome": "3 or more",
          "odds": 7.25
        }
      ]
    },
    {
      "oddsId": 251226388,
      "oddsType": 501,
      "special": "",
      "active": true,
      "typeName": "Handicap 0:2",
      "odds": [
        {
          "id": 775347479,
          "outComeId": "",
          "active": true,
          "outCome": "Guangzhou Evergrande",
          "odds": 2.6
        },
        {
          "id": 775347480,
          "outComeId": "",
          "active": true,
          "outCome": "X",
          "odds": 2.3
        },
        {
          "id": 775347481,
          "outComeId": "",
          "active": true,
          "outCome": "Shanghai Shenhua",
          "odds": 3.4
        }
      ]
    },
    {
      "oddsId": 251226390,
      "oddsType": 313,
      "special": "",
      "active": true,
      "typeName": "Total Goals - Over/Under",
      "odds": [
        {
          "id": 775347484,
          "outComeId": "",
          "active": true,
          "outCome": "Over 6,5",
          "odds": 5.5
        },
        {
          "id": 775347485,
          "outComeId": "",
          "active": true,
          "outCome": "Under 6,5",
          "odds": 1.11
        }
      ]
    },
    {
      "oddsId": 251239610,
      "oddsType": 1383,
      "special": "",
      "active": true,
      "typeName": "Total Goals - Over/Under",
      "odds": [
        {
          "id": 775391156,
          "outComeId": "",
          "active": true,
          "outCome": "Over 7,5",
          "odds": 12.5
        },
        {
          "id": 775391157,
          "outComeId": "",
          "active": true,
          "outCome": "Under 7,5",
          "odds": 1.01
        }
      ]
    },
    {
      "oddsId": 251243404,
      "oddsType": 24635,
      "special": "",
      "active": true,
      "typeName": "Total Goals  Team 1 between 75:01 min. and Full Time",
      "odds": [
        {
          "id": 775403457,
          "outComeId": "",
          "active": true,
          "outCome": "Over 0,5",
          "odds": 2.4
        },
        {
          "id": 775403458,
          "outComeId": "",
          "active": true,
          "outCome": "Under 0,5",
          "odds": 1.5
        }
      ]
    },
    {
      "oddsId": 251243413,
      "oddsType": 24641,
      "special": "",
      "active": true,
      "typeName": "Total Goals Team 2 between 75:01 min. and Full Time",
      "odds": [
        {
          "id": 775403482,
          "outComeId": "",
          "active": true,
          "outCome": "Over 0,5",
          "odds": 2.9
        },
        {
          "id": 775403483,
          "outComeId": "",
          "active": true,
          "outCome": "Under 0,5",
          "odds": 1.36
        }
      ]
    },
    {
      "oddsId": 251243415,
      "oddsType": 15550,
      "special": "",
      "active": true,
      "typeName": "Total Goals between 75:01 min. and Full Time",
      "odds": [
        {
          "id": 775403487,
          "outComeId": "",
          "active": true,
          "outCome": "Over 1,5",
          "odds": 4.1
        },
        {
          "id": 775403488,
          "outComeId": "",
          "active": true,
          "outCome": "Under 1,5",
          "odds": 1.2
        }
      ]
    },
    {
      "oddsId": 251243416,
      "oddsType": 15549,
      "special": "",
      "active": true,
      "typeName": "Total Goals between 60:01 min. and 75:00 min.",
      "odds": [
        {
          "id": 775403489,
          "outComeId": "",
          "active": true,
          "outCome": "Over 1,5",
          "odds": 2.5
        },
        {
          "id": 775403490,
          "outComeId": "",
          "active": true,
          "outCome": "Under 1,5",
          "odds": 1.48
        }
      ]
    },
    {
      "oddsId": 251243417,
      "oddsType": 24640,
      "special": "",
      "active": true,
      "typeName": "Total Goals Team 2 between 60:01 min. and 75:00 min.",
      "odds": [
        {
          "id": 775403491,
          "outComeId": "",
          "active": true,
          "outCome": "Over 0,5",
          "odds": 4.6
        },
        {
          "id": 775403492,
          "outComeId": "",
          "active": true,
          "outCome": "Under 0,5",
          "odds": 1.16
        }
      ]
    },
    {
      "oddsId": 251243418,
      "oddsType": 15544,
      "special": "",
      "active": true,
      "typeName": "Total Goals between 75:01 min. and full Time",
      "odds": [
        {
          "id": 775403493,
          "outComeId": "",
          "active": true,
          "outCome": "Over 0,5",
          "odds": 1.62
        },
        {
          "id": 775403494,
          "outComeId": "",
          "active": true,
          "outCome": "Under 0,5",
          "odds": 2.15
        }
      ]
    },
    {
      "oddsId": 251243420,
      "oddsType": 18358,
      "special": "",
      "active": true,
      "typeName": "Most Goals between 60:01 min. and 75:00 min.",
      "odds": [
        {
          "id": 775403497,
          "outComeId": "",
          "active": true,
          "outCome": "Guangzhou Evergrande",
          "odds": 1.11
        },
        {
          "id": 775403498,
          "outComeId": "",
          "active": true,
          "outCome": "Equal no. of goals",
          "odds": 5.5
        },
        {
          "id": 775403499,
          "outComeId": "",
          "active": true,
          "outCome": "Shanghai Shenhua",
          "odds": 34
        }
      ]
    },
    {
      "oddsId": 251252677,
      "oddsType": 21095,
      "special": "",
      "active": true,
      "typeName": "Rest of the Match – Current Score: 3:1",
      "odds": [
        {
          "id": 775433637,
          "outComeId": "",
          "active": true,
          "outCome": "Guangzhou Evergrande",
          "odds": 2.6
        },
        {
          "id": 775433638,
          "outComeId": "",
          "active": true,
          "outCome": "X",
          "odds": 2.3
        },
        {
          "id": 775433639,
          "outComeId": "",
          "active": true,
          "outCome": "Shanghai Shenhua",
          "odds": 3.4
        }
      ]
    },
    {
      "oddsId": 251252678,
      "oddsType": 1347,
      "special": "",
      "active": true,
      "typeName": "5th Goal",
      "odds": [
        {
          "id": 775433640,
          "outComeId": "",
          "active": true,
          "outCome": "Guangzhou Evergrande",
          "odds": 2.25
        },
        {
          "id": 775433641,
          "outComeId": "",
          "active": true,
          "outCome": "No goal",
          "odds": 3.2
        },
        {
          "id": 775433642,
          "outComeId": "",
          "active": true,
          "outCome": "Shanghai Shenhua",
          "odds": 2.75
        }
      ]
    },
    {
      "oddsId": 251252679,
      "oddsType": 24634,
      "special": "",
      "active": true,
      "typeName": "Total Goals Team 1 between 60:01 min. and 75:00 min.",
      "odds": [
        {
          "id": 775433643,
          "outComeId": "",
          "active": true,
          "outCome": "Over 1,5",
          "odds": 3.9
        },
        {
          "id": 775433644,
          "outComeId": "",
          "active": true,
          "outCome": "Under 1,5",
          "odds": 1.22
        }
      ]
    },
    {
      "oddsId": 251252680,
      "oddsType": 20087,
      "special": "",
      "active": true,
      "typeName": "Total Goals O/U - Team 1",
      "odds": [
        {
          "id": 775433645,
          "outComeId": "",
          "active": true,
          "outCome": "Over 3,5",
          "odds": 1.83
        },
        {
          "id": 775433646,
          "outComeId": "",
          "active": true,
          "outCome": "Under 3,5",
          "odds": 1.87
        }
      ]
    }
  ],
  "betResaults": [
    {
      "typeId": "21176",
      "typeName": "Rest of the Half – Current result 0:0",
      "winId": "775280983",
      "win": "1",
      "outComeId": "",
      "special": "0:0"
    },
    {
      "typeId": "13463",
      "typeName": "4th Goal - 1st Half",
      "winId": "775391150",
      "win": "No Goal",
      "outComeId": "",
      "special": "4th Goal"
    },
    {
      "typeId": "7689",
      "typeName": "Total Goals O/U - 1st Half",
      "winId": "775283536",
      "win": "Over 1,5",
      "outComeId": "Over 1,5",
      "special": "Over 1,5/Under 1,5"
    },
    {
      "typeId": "7688",
      "typeName": "Total Goals O/U - 1st Half",
      "winId": "775280898",
      "win": "Over 0,5",
      "outComeId": "Over 0,5",
      "special": "Over 0,5/Under 0,5"
    },
    {
      "typeId": "21196",
      "typeName": "Rest of the Half – Current result 2:1",
      "winId": "775391147",
      "win": "X",
      "outComeId": "",
      "special": "2:1"
    },
    {
      "typeId": "21187",
      "typeName": "Rest of the Half – Current result 1:0",
      "winId": "775347472",
      "win": "X",
      "outComeId": "",
      "special": "1:0"
    },
    {
      "typeId": "21188",
      "typeName": "Rest of the Half – Current result 1:1",
      "winId": "775385901",
      "win": "1",
      "outComeId": "",
      "special": "1:1"
    },
    {
      "typeId": "4721",
      "typeName": "Total Goals Team 2 1st Half - Exact",
      "winId": "775280919",
      "win": "1",
      "outComeId": "",
      "special": "No goal/1/2/3 or more"
    },
    {
      "typeId": "4720",
      "typeName": "Total Goals Team 1 1st Half - Exact",
      "winId": "775280916",
      "win": "2",
      "outComeId": "",
      "special": "No goal/1/2/3 or more"
    },
    {
      "typeId": "13462",
      "typeName": "3rd Goal - 1st Half",
      "winId": "775385904",
      "win": "1",
      "outComeId": "",
      "special": "3rd Goal"
    },
    {
      "typeId": "4718",
      "typeName": "Total Goals 1st Half - Exact",
      "winId": "775283429",
      "win": "3 or more",
      "outComeId": "",
      "special": "No goal/1/2/3 or more"
    },
    {
      "typeId": "11748",
      "typeName": "Half Time Double Chance",
      "winId": "775283494",
      "win": "1X/12",
      "outComeId": "",
      "special": "1X/12/X2"
    },
    {
      "typeId": "13461",
      "typeName": "2nd Goal - 1st Half",
      "winId": "775347476",
      "win": "2",
      "outComeId": "",
      "special": "2nd Goal"
    },
    {
      "typeId": "2488",
      "typeName": "Half Time result",
      "winId": "775283437",
      "win": "1",
      "outComeId": "",
      "special": "1X2"
    },
    {
      "typeId": "15085",
      "typeName": "Both Teams to Score 1st Half",
      "winId": "775280911",
      "win": "Yes",
      "outComeId": "",
      "special": "Yes/No"
    },
    {
      "typeId": "4956",
      "typeName": "1st Goal - 1st Half",
      "winId": "775280895",
      "win": "1",
      "outComeId": "",
      "special": "1st Goal"
    }
  ]
}
