{
  "matchId": 6976878,
  "betradarId": 13870143,
  "active": 1,
  "sportId": 4,
  "sportName": "Football",
  "countryId": 57,
  "countryName": "China",
  "leagueId": 64647,
  "leagueName": "Super Cup",
  "hteam": "Guangzhou Evergrande",
  "ateam": "Shanghai Shenhua",
  "date": "2018-02-26T11:30:00Z",
  "matchTime": "65:31",
  "matchStatus": "2nd Half",
  "betStatus": "started",
  "xStatus": "oddsChange, goal, card ...",
  "score": {
    "matchScore": {
      "scoreHome": 3,
      "scoreAway": 1
    },
    "periodScore": {
      "Home1StHalf": 2,
      "Away1StHalf": 1,
      "Home2StHalf": 1,
      "Away2StHalf": 0,
      "Home3StHalf": "-",
      "Away3StHalf": "-",
      "Home4StHalf": "-",
      "Away4StHalf": "-",
      "totalHome": 3,
      "totalAway": 1
    }
  },
  "cards": {
    "yellowCards": {
      "Home1StHalf": 3,
      "Away1StHalf": 0,
      "Home2StHalf": 0,
      "Away2StHalf": 1,
      "Home3StHalf": "-",
      "Away3StHalf": "-",
      "Home4StHalf": "-",
      "Away4StHalf": "-",
      "totalHome": 3,
      "totalAway": 1
    },
    "redCards": {
      "Home1StHalf": 0,
      "Away1StHalf": 0,
      "Home2StHalf": 0,
      "Away2StHalf": 0,
      "Home3StHalf": "-",
      "Away3StHalf": "-",
      "Home4StHalf": "-",
      "Away4StHalf": "-",
      "totalHome": 0,
      "totalAway": 0
    }
  },
  "corners": {
    "Home1StHalf": 2,
    "Away1StHalf": 2,
    "Home2StHalf": 2,
    "Away2StHalf": 1,
    "Home3StHalf": "-",
    "Away3StHalf": "-",
    "Home4StHalf": "-",
    "Away4StHalf": "-",
    "totalHome": 4,
    "totalAway": 3
  },
  "penalties": {
    "Home1StHalf": 0,
    "Away1StHalf": 0,
    "Home2StHalf": 0,
    "Away2StHalf": 0,
    "Home3StHalf": "-",
    "Away3StHalf": "-",
    "Home4StHalf": "-",
    "Away4StHalf": "-",
    "totalHome": 0,
    "totalAway": 0
  },
  "odds": [
    {
      "oddsId": 251206632,
      "oddsType": 1791,
      "special": "4,5",
      "active": true,
      "typeName": "Total Goals - Over/Under",
      "odds": [
        {
          "id": 775283414,
          "outComeId": "",
          "active": true,
          "outCome": "Over",
          "odds": 1.3
        },
        {
          "id": 775283415,
          "outComeId": "",
          "active": true,
          "outCome": "Under",
          "odds": 3.2
        }
      ]
    },
    {
      "oddsId": 251206662,
      "oddsType": 859,
      "special": "5,5",
      "active": true,
      "typeName": "Total Goals - Over/Under",
      "odds": [
        {
          "id": 775283490,
          "outComeId": "",
          "active": true,
          "outCome": "Over",
          "odds": 2.45
        },
        {
          "id": 775283491,
          "outComeId": "",
          "active": true,
          "outCome": "Under",
          "odds": 1.48
        }
      ]
    },
    {
      "oddsId": 251226388,
      "oddsType": 501,
      "special": "0:2",
      "active": true,
      "typeName": "Handicap",
      "odds": [
        {
          "id": 775347479,
          "outComeId": "",
          "active": true,
          "outCome": "Guangzhou Evergrande",
          "odds": 2.6
        },
        {
          "id": 775347480,
          "outComeId": "",
          "active": true,
          "outCome": "X",
          "odds": 2.3
        },
        {
          "id": 775347481,
          "outComeId": "",
          "active": true,
          "outCome": "Shanghai Shenhua",
          "odds": 3.4
        }
      ]
    },
    {
      "oddsId": 251226390,
      "oddsType": 313,
      "special": "6,5",
      "active": true,
      "typeName": "Total Goals - Over/Under",
      "odds": [
        {
          "id": 775347484,
          "outComeId": "",
          "active": true,
          "outCome": "Over",
          "odds": 5.5
        },
        {
          "id": 775347485,
          "outComeId": "",
          "active": true,
          "outCome": "Under",
          "odds": 1.11
        }
      ]
    },
    {
      "oddsId": 251239610,
      "oddsType": 1383,
      "special": "7,5",
      "active": true,
      "typeName": "Total Goals - Over/Under",
      "odds": [
        {
          "id": 775391156,
          "outComeId": "",
          "active": true,
          "outCome": "Over",
          "odds": 12.5
        },
        {
          "id": 775391157,
          "outComeId": "",
          "active": true,
          "outCome": "Under 7,5",
          "odds": 1.01
        }
      ]
    },

    {
      "oddsId": 251252677,
      "oddsType": 21095,
      "special": "3:1",
      "active": true,
      "typeName": "Rest of the Match – Current Score: 3:1",
      "odds": [
        {
          "id": 775433637,
          "outComeId": "",
          "active": true,
          "outCome": "Guangzhou Evergrande",
          "odds": 2.6
        },
        {
          "id": 775433638,
          "outComeId": "",
          "active": true,
          "outCome": "X",
          "odds": 2.3
        },
        {
          "id": 775433639,
          "outComeId": "",
          "active": true,
          "outCome": "Shanghai Shenhua",
          "odds": 3.4
        }
      ]
    },
    {
      "oddsId": 251252680,
      "oddsType": 20087,
      "special": "3,5",
      "active": true,
      "typeName": "Total Goals O/U - Team 1",
      "odds": [
        {
          "id": 775433645,
          "outComeId": "",
          "active": true,
          "outCome": "Over",
          "odds": 1.83
        },
        {
          "id": 775433646,
          "outComeId": "",
          "active": true,
          "outCome": "Under",
          "odds": 1.87
        }
      ]
    }
  ],
  "betResaults": [
    {
      "typeId": "21176",
      "typeName": "Rest of the Half – Current result 0:0",
      "winId": "775280983",
      "win": "1",
      "outComeId": "",
      "special": "0:0"
    },
    {
      "typeId": "13463",
      "typeName": "4th Goal - 1st Half",
      "winId": "775391150",
      "win": "No Goal",
      "outComeId": "",
      "special": "4th Goal"
    },
    {
      "typeId": "7689",
      "typeName": "Total Goals O/U - 1st Half",
      "winId": "775283536",
      "win": "Over",
      "outComeId": "Over 1,5",
      "special": "Over 1,5/Under 1,5"
    },
    {
      "typeId": "7688",
      "typeName": "Total Goals O/U - 1st Half",
      "winId": "775280898",
      "win": "Over",
      "outComeId": "Over 0,5",
      "special": "Over 0,5/Under 0,5"
    },
    {
      "typeId": "21196",
      "typeName": "Rest of the Half – Current result 2:1",
      "winId": "775391147",
      "win": "X",
      "outComeId": "",
      "special": "2:1"
    },
    {
      "typeId": "21187",
      "typeName": "Rest of the Half – Current result 1:0",
      "winId": "775347472",
      "win": "X",
      "outComeId": "",
      "special": "1:0"
    },
    {
      "typeId": "21188",
      "typeName": "Rest of the Half – Current result 1:1",
      "winId": "775385901",
      "win": "1",
      "outComeId": "",
      "special": "1:1"
    },
    {
      "typeId": "4721",
      "typeName": "Total Goals Team 2 1st Half - Exact",
      "winId": "775280919",
      "win": "1",
      "outComeId": "",
      "special": "No goal/1/2/3 or more"
    },
    {
      "typeId": "4720",
      "typeName": "Total Goals Team 1 1st Half - Exact",
      "winId": "775280916",
      "win": "2",
      "outComeId": "",
      "special": "No goal/1/2/3 or more"
    },
    {
      "typeId": "13462",
      "typeName": "3rd Goal - 1st Half",
      "winId": "775385904",
      "win": "1",
      "outComeId": "",
      "special": "3rd Goal"
    },
    {
      "typeId": "4718",
      "typeName": "Total Goals 1st Half - Exact",
      "winId": "775283429",
      "win": "3 or more",
      "outComeId": "",
      "special": "No goal/1/2/3 or more"
    },
    {
      "typeId": "11748",
      "typeName": "Half Time Double Chance",
      "winId": "775283494",
      "win": "1X/12",
      "outComeId": "",
      "special": "1X/12/X2"
    },
    {
      "typeId": "13461",
      "typeName": "2nd Goal - 1st Half",
      "winId": "775347476",
      "win": "2",
      "outComeId": "",
      "special": "2nd Goal"
    },
    {
      "typeId": "2488",
      "typeName": "Half Time result",
      "winId": "775283437",
      "win": "1",
      "outComeId": "",
      "special": "1X2"
    },
    {
      "typeId": "15085",
      "typeName": "Both Teams to Score 1st Half",
      "winId": "775280911",
      "win": "Yes",
      "outComeId": "",
      "special": "Yes/No"
    },
    {
      "typeId": "4956",
      "typeName": "1st Goal - 1st Half",
      "winId": "775280895",
      "win": "1",
      "outComeId": "",
      "special": "1st Goal"
    }
  ]
}
